{"iteration":5,"xAnswer":1.0996641083139203,"yAnswer":0.5548954254190726,"absX":0.001860033091075186,"absY":0.0051510347564173165}