{"iteration":9,"xAnswer":1.0974159581149756,"yAnswer":0.5549946995865673,"absX":4.7538624563081555E-5,"absY":5.65448591788309E-5}